x1,x2,label
1.073291080145463,1.225678855459696,1
1.1787942299034166,0.9791166525313353,1
0.917976201270847,0.8519373909765657,1
0.9234537143698385,1.0586570359986516,1
1.2234297871242528,0.7579499799172345,1
0.9532683601996133,0.7848877894332007,1
0.774785794548414,0.8702463285570927,1
1.1294445641488728,0.8813356294011516,1
0.8965983382017622,0.9464150105502906,1
1.1035465056877636,0.8232933520752621,1
0.9354309177179223,0.7692306122591318,1
1.0102793034423996,1.1986171428675325,1
1.1284134616578174,0.9447854174771598,1
0.8319530566122981,1.0981950282965838,1
1.0455263975178855,1.1834247496486696,1
0.9351313889379154,0.8780207987168387,1
0.860265861455397,1.2162114834929754,1
0.7921749887812489,1.1665457764893854,1
0.7858633908133165,0.9141955637531942,1
1.1782228419978638,0.9133442163698196,1
1.1123781741642957,1.2329402731848944,1
1.177610676715992,1.088116441390368,1
0.8937492957283054,0.8005579980425237,1
1.1428084451648974,0.842666986168157,1
0.9632900891045122,0.8039336766588498,1
0.8236653322728079,1.0427333384018111,1
1.101126210106393,0.8048650879306213,1
1.2250831747912474,1.0614042712694227,1
0.8377234544078722,1.2355249487183024,1
0.8571960390494004,1.10135485708215,1
1.0539210701276687,1.0809504050861547,1
0.9137156510468534,1.079238589771638,1
1.2297806927479467,1.155191547799887,1
1.0513096006213194,0.7623154715845191,1
0.9020806112247489,0.9173009623272408,1
0.8457111185804609,0.8947579087322151,1
1.11342963628413,0.9535226470776158,1
1.1687162958560084,0.9890649441873649,1
0.8747443027530195,1.0728388146076193,1
1.1643067651653738,0.7866281165534761,1
0.9172277730191019,0.9244593716349784,1
1.2018426289642645,1.1107311208714852,1
0.7800082383698135,1.1478893922984688,1
1.1496027537683235,0.945128113432945,1
1.0652391743030176,0.8088857429611231,1
1.042906327724312,1.0718343248797204,1
0.9937333757217776,0.757914731492593,1
1.2176318536042425,0.9928755230206749,1
1.2110971813653308,1.071648686418974,1
1.242156494999051,1.1424814082122388,1
1.1268509472076143,0.9025897157662885,1
1.0085710120877898,1.0685711867507106,1
0.9171659753212709,0.8670851164690785,1
1.1374823048174267,0.8253677910939032,1
1.185618394437263,1.0477994754991693,1
0.9097978538272535,0.7725906861328162,1
1.1557540526545225,0.7731341833508486,1
0.763593129514031,0.8209153593768468,1
1.1642788604962522,1.0631361076160315,1
0.9844952809336156,0.898250775074798,1
1.1343329951187426,0.9991128338407342,1
1.0739733513621323,1.0368745983435232,1
1.1345772834371899,0.7824726048060078,1
0.9015072837249836,0.9975790755549683,1
1.0717143139155936,0.8972329076247304,1
1.1338150245910268,0.7537188440492333,1
1.0215864715591247,1.080192563139732,1
1.0871491472750436,0.9554150640014031,1
1.1771378278724425,1.232937739365531,1
1.0671313245732281,1.1821589598888715,1
0.8802959244999711,0.9806533149958976,1
0.9446750474017445,0.8706704446525102,1
1.209224418807338,0.7941365066281858,1
1.166254132611612,0.7741065393190261,1
1.1124168738349887,0.9434609183821883,1
1.1121063221277003,1.168577075091299,1
1.1167465083204209,1.044414349623926,1
1.1969187191890682,0.773413595968177,1
1.1878564450422504,1.0921350630691866,1
0.8541233935820716,0.9927506557118694,1
0.8881692072327941,1.1502965588153682,1
1.0571387809785135,1.117717121462898,1
1.0603141276807369,0.7787419483679217,1
0.8087246002983838,1.05089806891374,1
0.8619154185820737,0.8376447185070246,1
1.0730747534976326,0.927716438675195,1
1.0914537201376004,1.0020733084536566,1
0.9343549633068108,1.2129967548711735,1
0.8743078640221003,1.1572631210907762,1
0.8400988297948362,0.9452115183773386,1
0.9231037830533385,0.8219497257482582,1
1.1282080379419681,0.7857741102559597,1
1.24714130336016,0.8647935300600453,1
1.1422594766656493,0.9062304813072584,1
0.8619398609136736,1.0372263225820706,1
1.1114040200510642,1.0123150173640432,1
1.2418379729585474,1.2449763345161335,1
1.1083488676101456,0.9605742710916307,1
0.9661014500375253,1.0200789753729238,1
0.8017471802923575,0.970625732168322,1
1.2321393972498238,0.8353563260173587,1
0.8877760948111549,0.8741067163044376,1
1.1481969314716802,1.2241491750708142,1
1.0197657542305743,1.1699821754180724,1
0.9722877443789228,1.1295111889232345,1
0.7544495607174109,0.875118090042709,1
1.2341495848572857,1.009125637127696,1
0.9987374550514936,0.7688907398233242,1
0.9626497423857144,0.9648807748968452,1
1.1718713705331716,1.1310902251097428,1
1.0423377490418688,1.049340825719109,1
0.7944037105253208,0.9634898325332879,1
1.0397363902711174,0.9252753756522337,1
0.9776471522755121,0.9671914682761587,1
1.1724823386342669,1.218960499202376,1
0.8150756979088,1.2202201504631582,1
0.9425715511408848,1.213141090686991,1
0.9706141741295955,1.0628293715215966,1
0.8187347934520415,0.9713443484058366,1
0.8178354013502653,1.1515919188542654,1
1.2323625239344118,1.0716603066464803,1
0.8087910702791232,0.987589467057354,1
1.0464185620253401,0.8551559949213339,1
0.8415347543117113,0.9588771837541563,1
1.0674257591637886,0.9617656495554918,1
0.7513521604262678,1.0628881246156066,1
1.0968772892390404,0.9348002608069373,1
1.1722959686375025,0.9905552733175792,1
0.9603207965439922,0.8241452440245403,1
0.9028296108483571,1.160667603112221,1
0.9098828875082332,1.0077660998066968,1
1.0622162655207044,1.0903395074390823,1
0.7691456309176368,0.8813176592930485,1
1.242746500436708,1.175461544763253,1
1.1780563821721086,1.1364530232633199,1
1.0469800168643983,1.0336134308056812,1
0.7999465657287259,1.0598545289535366,1
0.8488838421244915,1.0311588561240763,1
0.872755027150975,1.13705939965469,1
0.8330815383659951,0.9761044886928256,1
1.0221956077119172,1.2378289597234453,1
0.8473848727434796,1.208794317263492,1
0.8058784362651568,0.793110598765863,1
0.8503615614483604,0.963623454119729,1
1.024288778701426,1.1475679657031619,1
1.2478995536831359,0.9066938151129925,1
0.9170471107764999,1.1862051843388142,1
1.190560562035833,1.1766976188195548,1
0.9610181262798849,0.8887869578052057,1
0.9469724650067383,1.0693025086759151,1
0.35060644010206504,0.4115572044426695,2
0.027592088782948776,0.4589259039036153,2
0.11997090230353719,0.38218436460565286,2
0.05787734459709443,0.3960239525218195,2
0.26190916510525997,0.3209127796814036,2
0.49023913836878574,0.05288407776372239,2
0.10880870219996025,0.4685747235018551,2
0.10010112343569905,0.31639834841508446,2
0.1673296379590199,0.3104191167128328,2
0.33297678379468587,0.3424080098491402,2
0.04038000799766184,0.2336380986354057,2
0.45668089857769834,0.2929480073824115,2
0.027462774854029925,0.04602394230492185,2
0.12562413682587775,0.27508341235788675,2
0.4676190285665796,0.013364145837952368,2
0.3825966837506416,0.1880181957935224,2
0.12796112122827463,0.3939836977447774,2
0.05752879463539923,0.013769823390193558,2
0.19518401553322107,0.41026889340036066,2
0.22242330090828827,0.3059414961885097,2
0.19746277305400806,0.19905838824350996,2
0.32698688531846104,0.2409873022303194,2
0.4697883097026308,0.02546227207547236,2
0.37044435325028835,0.09685365898574477,2
0.07706368189184692,0.42797142342704714,2
0.46160175430222955,0.41499364618388346,2
0.4261770096035685,0.486644705258833,2
0.38143151265384395,0.3834893775523132,2
0.13078714312743472,0.07071243668833649,2
0.2902846633642001,0.1513805288563973,2
0.040702625022504824,0.2271106996253759,2
0.01529225201797585,0.34728573552817676,2
0.21150376785767172,0.31726118479773285,2
0.41260027233794866,0.029016484784160468,2
0.46945267792333345,0.09583769873766124,2
0.12378901332263254,0.1351217924136423,2
0.12175502468931126,0.15231083964726444,2
0.13616036090110856,0.24416497266513593,2
0.27288243852976257,0.003738210684174903,2
0.41253312444249063,0.07302217924591797,2
0.1339334693776928,0.13556854628286347,2
0.4777686909095216,0.1616056469919364,2
0.15390593405592812,0.43615342383451156,2
0.2364564666935549,0.09815296548337032,2
0.25927278209602517,0.260211614979611,2
0.4490202319791212,0.4365868207400876,2
0.4613982874770311,0.28666640000104154,2
0.21196404596492463,0.14543794086945422,2
0.08010074143886031,0.40707725504169434,2
0.4720578780222045,0.006437505958730327,2
0.3360626169578001,0.09231298831337198,2
0.05397060724957431,0.3501232418440927,2
0.08480829592836542,0.037164147301610606,2
0.39618974705449184,0.3756668547294446,2
6.145198029670618E-4,0.37526851556758867,2
0.17102441934948442,0.052618768022993256,2
0.0699877317418729,0.3900238635831526,2
0.21107018080375828,0.2433793687139062,2
0.3212373305693651,0.4210884969394266,2
0.17672125408497086,0.21694418047693625,2
0.29919330232028235,0.08062031461871277,2
0.1771476370192745,0.14683386739412163,2
0.39226123308319083,0.4485813892957431,2
0.10061195127915917,0.4991078863533282,2
0.23277715838831087,0.11223539487292239,2
0.21908249788058454,0.4199744155878899,2
0.021019404826168597,0.25139153041060397,2
0.20680633680242266,0.3267468872537339,2
0.2682539179691347,0.4479987710698743,2
0.05283802093246903,0.39076122642026784,2
0.1148342622582888,0.01637049121132267,2
0.45347688867301983,0.47635584003032416,2
0.05564689746364254,0.40862021756923456,2
0.14214748202165506,0.36612984836710644,2
0.09708696691440549,0.1488147869203772,2
0.25146518299436266,0.25943332289895327,2
0.07726920554110167,0.28890234480565313,2
0.20506066588160504,0.07840652961685529,2
0.10432333907346297,0.05964817794383437,2
0.30519422787779643,0.05387343573967479,2
0.3063926724826855,0.21061203080452234,2
0.1162728395226218,0.3920081242460572,2
0.3413491861007326,0.49462678576897956,2
0.44408984006590413,0.04193091747221578,2
0.384257969461564,0.3542886068794583,2
0.17593932309541038,0.19425442227885853,2
0.09626838225163598,0.1106449008192032,2
0.4777141761305059,0.1410878385967016,2
0.379878827071071,0.33756692498533064,2
0.34067878966004245,0.019121286752409095,2
0.04241657665237525,0.12921980811167855,2
0.2328145692350752,0.2391501151170864,2
0.32209359955123185,0.132593480766795,2
0.1374683377479487,0.0777624910343489,2
0.07914387742181667,0.022233727458011776,2
0.055490705104647986,0.4699017566512613,2
0.3183172814655501,0.04011361919331585,2
0.10613365068810926,0.4946284942279324,2
0.08839948178210694,0.3100108625025613,2
0.1866834409298468,0.390645217879873,2
0.19944706309085536,0.3628080526999882,2
0.24113717110106847,0.17301032730776122,2
0.1090714250338235,0.1768078825813154,2
0.04418817046293655,0.04795578476427764,2
0.2553745871514638,0.04545678205508091,2
0.028367518850267892,0.33883658567780567,2
0.056034645485846135,0.2337957981684125,2
0.06939605765898593,0.042978241751083,2
0.2505580192374869,0.17450848223554694,2
0.29763324104180505,0.4365517343222999,2
0.23586034077536666,0.38461142350803335,2
0.4219661352523075,0.33259385197654134,2
0.03410708336266821,0.35463357391658407,2
0.23656408138392027,0.17590385162634997,2
0.0361399281522225,0.37355658463913444,2
0.43063142298318696,0.12778590786411675,2
0.18383410422106844,0.10483903168061948,2
0.036622764365060734,0.153469947256325,2
0.29037651338245446,0.2215230764209472,2
0.33334227420662366,0.37553180589739327,2
0.24872425602675247,0.04172313837593167,2
0.2669305821446621,0.097746879594033,2
0.4453971845705664,0.3797216720530338,2
0.46494990070712416,0.435549861983455,2
0.2792782047821199,0.24244819575208965,2
0.1966097833407877,0.41163613849990993,2
0.2832392031934492,0.05629314771963051,2
0.17563341483643152,0.18822909313509523,2
0.4601800942645834,0.30500939707713226,2
0.41134590632244333,0.3111505300750973,2
0.07446313669925608,0.29587951036807086,2
0.38827332762236316,0.43506985778672996,2
0.28474408120368705,0.2483780096994092,2
0.19487327598283555,0.4841709062630553,2
0.16484615770109268,0.017233603592566094,2
0.3279747115804778,0.07796364380230886,2
0.3355927014892067,0.020096875818620297,2
0.271086706018554,0.318081069092844,2
0.12240855039351939,0.3389451343468135,2
0.08194321647119429,0.1886401907880318,2
0.3610198668256809,0.003906480011812541,2
0.1274824655034621,0.3701089812288499,2
0.19672668274934224,0.1483612693796783,2
0.27291691949137564,0.20460977010687637,2
0.4614919636637198,0.04497965510880725,2
0.26563182372846783,0.37920239400263794,2
0.46748538454185135,0.4937799596014184,2
0.25435718696712967,0.11292920781380772,2
0.32573987990057385,0.13534305947881692,2
0.349390131513123,0.24326701341583584,2
0.18422300092585397,1.5049941151976665,3
0.3606018084336116,1.6081192615671278,3
0.08089533804805055,1.5270634935974337,3
0.3465446523773825,1.5105953637185046,3
0.42422218455724137,1.6722646444123164,3
0.3701833156729695,1.8355619479107075,3
0.44612446839368053,1.665777334242072,3
0.38460418746115,1.5593144727771917,3
0.32049956559927634,1.938800713509817,3
0.4655157289697657,1.9567055986206197,3
0.004211825764577737,1.9621410237998849,3
0.16643375600871485,1.7636803562978982,3
0.2368474631781778,1.6868250731999581,3
0.09715286294714348,1.8974059333118265,3
0.030548010662602043,1.5437808371568829,3
0.41643727472286884,1.5710477343172486,3
0.3918806472510299,1.8223028053103594,3
0.2858212517038471,1.7657312809010122,3
0.44397395309394855,1.7553201132467258,3
0.4529915387840016,1.538342789389032,3
0.05904140013026771,1.7884115026278122,3
0.020430926198202026,1.550559994977348,3
0.0689350161364804,1.7990618943311447,3
0.1078345186194774,1.501867254593083,3
0.09451594995770352,1.9628309860992352,3
0.03526697321400424,1.8372982590072173,3
0.0233980408978659,1.5339053128273616,3
0.33811110012994905,1.6792619425421835,3
0.17001542478950615,1.518930807006681,3
0.37456530629481,1.9020463599522934,3
0.1719844191273197,1.5750736873809217,3
0.0017794500959755766,1.6274578209747315,3
0.21237440331038882,1.9559334930208323,3
0.27767541034351206,1.6705415479959118,3
0.20877243806858953,1.962232485460079,3
0.3920811232957274,1.605442742383563,3
0.17692018476138555,1.6281318341762046,3
0.04301350890014605,1.653205743496346,3
0.05922186088240827,1.7885754159186624,3
0.25177797012256625,1.5156720114997748,3
0.40656605153985653,1.7282381862989369,3
0.15400906108113271,1.5926259294651586,3
0.4156739909513426,1.8084565070550513,3
0.11285902456321928,1.7229508049496747,3
0.453581390011074,1.8049439649958123,3
0.07524781740077391,1.6847956732284626,3
0.34588027652751663,1.666146586351089,3
0.4324205095564297,1.6746167349371233,3
0.36599207337518713,1.519767579681585,3
0.25201456125033483,1.8604457161521026,3
0.03901260345330215,1.51329209564966,3
0.12042206881228851,1.8708505079394635,3
0.06556398330478952,1.973268671554152,3
0.4714385529139834,1.7377918031423978,3
0.37860843299829333,1.9076543934591463,3
0.18002228388103353,1.8589429069393626,3
0.06932295126230825,1.5557070502809753,3
0.36844497798556375,1.9830278137380346,3
0.15690386176214133,1.510707802243748,3
0.30619674573900235,1.550346245621151,3
0.431564290510371,1.9022242864385475,3
0.4847153686366999,1.9398924968899178,3
0.37000772715895325,1.7266742729911064,3
0.41334166890001034,1.784338243657209,3
0.4083047489642442,1.6576261346761791,3
0.4138602139185311,1.5146376961559163,3
0.15836993601567056,1.550573092554285,3
0.18756621673700247,1.6871267807120822,3
0.4711304301538193,1.880843912283965,3
0.1910068057786699,1.927726430737251,3
0.08199704666787239,1.5178635321365719,3
0.38437671601205425,1.5002231914425224,3
0.42239344911430465,1.5441529820591726,3
0.21000556305271711,1.5685886930064314,3
0.04486840501999917,1.7732585979205484,3
0.21745582871673408,1.6769127416603575,3
0.4887106879338752,1.707226393370398,3
0.07645783168315085,1.8147633763822575,3
0.30800572711770197,1.9012881808159572,3
0.3092397958909656,1.6706499591122652,3
0.3947175705143403,1.571101908544828,3
0.42976836989731104,1.8017542426305684,3
0.15564940262227916,1.7861894198758084,3
0.2989968923029192,1.9642072318006365,3
0.04403018774546941,1.7421404349503389,3
0.39242560972955437,1.7549280928518067,3
0.40399469858225984,1.8937027812462244,3
0.3291103221420701,1.5134046937516052,3
0.059368748528389026,1.6610540936230633,3
0.42971281048704246,1.61978341258724,3
0.06694074673661454,1.9923516113201118,3
0.25526843756292106,1.9042495317576633,3
0.05879553511179003,1.777081896383379,3
0.0280533184788197,1.8519173461058074,3
0.11830573588852111,1.9567835355749987,3
0.05126568532017245,1.6473128037814435,3
0.17002052816616342,1.6723913703243731,3
0.22519283626609543,1.8530194453920819,3
0.4149612484635215,1.9207517709642181,3
0.004117189409868494,1.6581720031309326,3
0.4097277124217393,1.9667840829892838,3
0.15042214299609535,1.6642200228202844,3
0.4703388237895801,1.672314391790941,3
0.4201902222204009,1.5977473436086997,3
0.1798752990758642,1.9577832096815806,3
0.3580431430003651,1.65312145990258,3
0.39276214542358534,1.808829792022886,3
0.18805563229538125,1.8713600556247518,3
0.2579229763783291,1.5761813607198076,3
0.3622814048231178,1.5558404314817547,3
0.42805761841213136,1.7943263728013354,3
0.1687623582776836,1.7103406051456704,3
0.2829392420611581,1.8621267318497454,3
0.40684844411482946,1.8603892971736633,3
0.170896700283507,1.6868246645746714,3
0.009238205170087721,1.8850152558548,3
0.36454201470304737,1.7918256875925995,3
0.12735673746802917,1.6427246827594857,3
0.1343230832095666,1.9281899461376775,3
0.09951988954724361,1.7228987485604004,3
0.06662556651909374,1.9099399338740337,3
0.38979066475113455,1.5917914623549838,3
0.4919177893858957,1.7140934694239789,3
0.019515637887807358,1.7309215592047298,3
0.14282709015000145,1.8477564008886187,3
0.2132364676001165,1.584890205034992,3
0.4320552807942355,1.5866605572238344,3
0.446003326035017,1.7455196175443861,3
0.02568572214927889,1.9322079739180693,3
0.31007440299739214,1.79969621850924,3
0.18870382793480495,1.5173834703331064,3
0.11556737317404286,1.6594147057110056,3
0.19644745122661283,1.7158231148267409,3
0.4018361088172157,1.974258376462315,3
0.4382231679119682,1.8728773373826528,3
0.06417744911489637,1.8989136757676777,3
0.18746882707819001,1.8826826497885025,3
0.09393046084980261,1.5513057541204478,3
0.37661258842746687,1.7810573083495784,3
0.4891121672910393,1.9505546272390764,3
0.09417272277350902,1.610461672836196,3
0.2174409270075865,1.5681902921855415,3
0.41666259844982667,1.5403148189429496,3
0.2039308855924124,1.860928030993767,3
0.09850918201345216,1.5936348966671567,3
0.17119753058778114,1.7787935621278992,3
0.06946331093828623,1.839271398811599,3
0.28219673156366953,1.7585011378970747,3
0.13087453344864358,1.5579233146143256,3
0.42232669279025764,1.6187257002411708,3
1.6997225158506324,0.17968788468959257,4
1.6106539331081449,0.07127361018419609,4
1.9224419114062834,0.2210605536452021,4
1.9484819210785875,0.2501448479465836,4
1.9693468929135478,0.02010735594298696,4
1.697562642008854,0.2390926357408497,4
1.8248562199281615,0.2799569052327522,4
1.5299585353521659,0.04752494595784912,4
1.9087391002409824,0.2828097914691904,4
1.7068943872864106,0.34445549676875564,4
1.8992467726002973,0.12933912711316092,4
1.9248955512541674,0.010700171365039701,4
1.680264169652707,0.49165660522507226,4
1.814091185517678,0.21062796105665732,4
1.9015106562527833,0.14194431197364293,4
1.5857679014073787,0.21651415954675812,4
1.7233381869224276,0.4334033014790033,4
1.6040915755201963,0.14090629969611734,4
1.9158200100320815,0.4653457260953948,4
1.700371938814014,0.045402050374444725,4
1.5955923711579425,0.36005810531445875,4
1.857326518844528,0.09785137769389235,4
1.5133062418473215,0.4154889326213531,4
1.9655076677071737,0.04423351179401663,4
1.9495657662360117,0.3748650143713315,4
1.6943885042600786,0.2463227070017971,4
1.9378744221216206,0.17201617325435847,4
1.626560396495596,0.4117448957326818,4
1.7093796249668076,0.2694891683307817,4
1.6750768014018265,0.40914071097547755,4
1.9461009401799112,0.10545728207719518,4
1.9411853735733653,0.21788861608618898,4
1.6368465685254554,0.20498273998589978,4
1.5725220862795173,0.10920522016816225,4
1.553167465763912,0.19136511647597926,4
1.8502982682742903,0.09342790745964463,4
1.6014677098589496,0.2541094790972989,4
1.6680935514548203,0.49689853415248997,4
1.5617845207978525,0.09147375278133085,4
1.7645745920813254,0.25110502834012755,4
1.9937708347818295,0.4476060197436558,4
1.5377915559499429,0.086600871836096,4
1.876057573510427,0.10695743533409474,4
1.9996614178343637,0.3247111456053275,4
1.8464428033918645,0.09195812334450953,4
1.9258290804300966,0.35114660084341026,4
1.727248933959558,0.3338685377659163,4
1.5183043393098643,0.13738588581534245,4
1.852709187288037,0.25126983022959565,4
1.9261049421404763,0.3480492062650907,4
1.5633885307035078,0.47583259598195105,4
1.7625927346177184,0.13547477901599042,4
1.5964144356072352,0.4108038819218315,4
1.817272068667762,0.17632323661064225,4
1.9796866874774344,0.3940785412508562,4
1.9845267563512576,0.34927271088593026,4
1.9332555816366523,0.46477131622771345,4
1.5221037514791826,0.18773128039790243,4
1.6917019982453818,0.09988225621927599,4
1.6081087878355576,0.3669813891638199,4
1.5876225557755956,0.2959485190711459,4
1.786861256540257,0.0012840510274619854,4
1.6782174902673184,0.01950159343184149,4
1.781162792135229,0.4332092270351599,4
1.654498477956862,0.3396997282967203,4
1.8013656719860545,0.494821890420731,4
1.7457781623753403,0.48668096054744403,4
1.9000846023659428,0.4083414072711809,4
1.8208726935528685,0.14998325475201296,4
1.6054772770148311,0.07250557907991423,4
1.891842972614656,0.042803645360415865,4
1.5157260845072749,0.4501084888212296,4
1.7461200562618568,0.10991943450137076,4
1.7526855019686922,0.13204481892796077,4
1.9685045300815318,0.24976993638860423,4
1.6536166422189176,0.4036817108064933,4
1.6657992629775509,0.054498417293270374,4
1.8265125812309106,0.2804922207073966,4
1.7737294794321368,0.34567918605993914,4
1.7067248868244271,0.011622904856391392,4
1.908323583950103,0.19800609943165542,4
1.5304341141908742,0.47243129268126666,4
1.822072791916276,0.19839402499638376,4
1.6839637743264897,0.1800173458241185,4
1.6389570055832592,0.38374607893062673,4
1.697019520422291,0.3693861618322557,4
1.671819066893945,0.13706469188764342,4
1.7226422226076803,0.16211757475724642,4
1.7705889242846105,0.29863594482818206,4
1.6869956453038226,0.344281505676764,4
1.8105038975012184,0.3666917731351988,4
1.8980664697025038,0.14582631926890377,4
1.6057405540001786,0.4202559536270238,4
1.773936550656542,0.1797805339234257,4
1.725768579512044,0.29580530558316753,4
1.988494100613018,0.35634666812002025,4
1.8992561374214352,0.08892819239658373,4
1.7352827056491995,0.13432932300420114,4
1.9135011313807797,0.23233859239591598,4
1.978644104136661,0.4103275916305424,4
1.6561320825178067,0.22240438953770325,4
1.9953925566663349,0.17473560720314324,4
1.7002168560832727,0.027774555013763802,4
1.709965861101556,0.28283294610365484,4
1.6039372149656006,0.3157405360740515,4
1.7913297994236375,0.2991100425636153,4
1.8816314760712511,0.3746430867307019,4
1.7108703472468167,0.3734621172108499,4
1.9042771451918292,0.493936370438302,4
1.9570892761462413,0.49899820003596324,4
1.8043800756831196,0.08744721964959706,4
1.865126619781189,0.2829503697413641,4
1.7927559964832167,0.00991785608953849,4
1.5469647950173213,0.03453134502461225,4
1.6428349307547012,0.3220964923277061,4
1.7016267032194918,0.03657706983969494,4
1.9618885785605469,0.20544085021623038,4
1.6437618878449374,0.3214241145102701,4
1.7479752250797285,0.31392539319790863,4
1.7137219621566415,0.11570990301407075,4
1.6264161077823118,0.07749398482783093,4
1.8225586057141057,0.35364730909368924,4
1.5702620799156266,0.33937525590261036,4
1.7413342144144652,0.28381318325907146,4
1.835478584454854,0.2177790069181123,4
1.865717685221719,0.21060378075150937,4
1.7834716540405182,0.23141753005449922,4
1.5740445641876684,0.31824840265230603,4
1.7210970960510228,0.01784658782741999,4
1.9498528982139427,0.3226356448265043,4
1.8614397442822843,0.40379667317594725,4
1.5583631899977104,0.3841951651971168,4
1.9974188923189296,0.15746577025586372,4
1.6504529437007425,0.2936909646808176,4
1.9846708191142575,0.46417073261756037,4
1.617383108059146,0.412020598391863,4
1.6501786985232059,0.018805230692691355,4
1.7348659966156814,0.20497791774238322,4
1.7787647326991538,0.12122776262483231,4
1.7160211793948017,0.4644253304183991,4
1.8808290643715762,0.2940043804275413,4
1.8393478362366764,0.4484346696042119,4
1.5116141227563364,0.21585615652927537,4
1.9300492658203425,0.20469427916720212,4
1.994793173890956,0.17871251643643227,4
1.7508769334314693,0.26384303568725587,4
1.5013257657110501,0.33144714726640195,4
1.9021189633220823,0.20238026276066762,4
1.548292939882918,0.16917411608870175,4
1.6394394903240128,0.2784140714448548,4
1.611818858973106,1.5634074481635127,5
1.5929827397174985,1.9377485548574487,5
1.6932058119480304,1.6054383789343336,5
1.7114875097970113,1.9726737488505723,5
1.8380534777266249,1.6529601866168255,5
1.8611147747371402,1.9913106514443881,5
1.7844031701376806,1.7282711653972398,5
1.8802732125270785,1.621476685058782,5
1.6078422841117357,1.8153124117999972,5
1.528934571561264,1.5297751973102733,5
1.939023573035406,1.6423474840627126,5
1.6737626144721363,1.8839763454754233,5
1.5521985685417747,1.717267086879701,5
1.7188365299164663,1.8247442755780312,5
1.8621339297667336,1.7033025693511896,5
1.7258317948490638,1.8413795194902223,5
1.621173868674946,1.6843577835503798,5
1.8672284342816428,1.6654832208311368,5
1.87823177160729,1.971219757145908,5
1.8214485594878052,1.9063134426790256,5
1.5471381153988266,1.8425842687606062,5
1.9497822745512607,1.6520920288256944,5
1.733041681512313,1.9981332932988431,5
1.5915429737205873,1.6526335388161848,5
1.7824556146766146,1.5248270263545287,5
1.576100140363723,1.9804064823457723,5
1.8550590237097149,1.8421240553397997,5
1.5782696373305225,1.7394999431640918,5
1.6635098928445973,1.8970188103685788,5
1.7369987293773854,1.954957174226865,5
1.8912941546144073,1.825586519753443,5
1.5163649782778597,1.7285510597765772,5
1.6780305093187724,1.8841514328943947,5
1.6126152144273047,1.5913144763245515,5
1.9566701715243622,1.680244936522677,5
1.801302694773189,1.718002012534757,5
1.837675002135842,1.6011959465780794,5
1.974537924163596,1.7941476466290953,5
1.6615273542790834,1.846496912918003,5
1.739950268513287,1.8424964028395234,5
1.7828191261658617,1.6190141601711319,5
1.840164667786156,1.722326194083568,5
1.6066874271214855,1.8196625507704904,5
1.8044299654962606,1.8125393044597766,5
1.871508433937772,1.5203398446435579,5
1.6624920504432115,1.577391525668176,5
1.6605307698668144,1.560717156668764,5
1.734887280759286,1.7923396588661487,5
1.6295243328380598,1.825907557098629,5
1.9635387998982559,1.6767271703970252,5
1.9575396422896763,1.614085740098161,5
1.9618698970036073,1.5398902734955071,5
1.5635178660641564,1.9958073468675335,5
1.9446062759441889,1.7977555712623818,5
1.6827606812179716,1.7000774716993583,5
1.9440204748032477,1.8581134633414054,5
1.964164108948963,1.8361434535626204,5
1.731579216696832,1.9044896168380858,5
1.8316396262113743,1.6745380894219197,5
1.6417861916251952,1.5309005271399017,5
1.951290595676165,1.7660749597189596,5
1.53846990442251,1.9927670116106007,5
1.7596815742913539,1.8732984359259337,5
1.9728483212804877,1.542873065018298,5
1.6379325674198852,1.5253167648479513,5
1.6574089130652878,1.9154956753757963,5
1.9613896860727664,1.9839973124475738,5
1.7199748939685313,1.5066944443602222,5
1.9152685202582835,1.5271788547085832,5
1.8082854301387465,1.674238259594088,5
1.642935707093943,1.7128567244483397,5
1.986999538544281,1.846759379776409,5
1.9853889370269007,1.6872220277290952,5
1.5062404827859548,1.7884638257557008,5
1.7780152006182726,1.638987588779804,5
1.923629714808674,1.9130898333517659,5
1.8938513275587778,1.6826081604180734,5
1.7302159153861931,1.9787949710890689,5
1.9613407923742758,1.773804152772275,5
1.5647873964737538,1.8242652792891778,5
1.9389748898855368,1.7222232221265064,5
1.8007625267431873,1.525578390784788,5
1.9992264017382568,1.96812513164926,5
1.7551853716246837,1.9632156769563749,5
1.9598277268566449,1.5326511470768558,5
1.5003103446185682,1.7891070614852875,5
1.8017157784529831,1.9345397513462044,5
1.7548421952530526,1.6747048947078045,5
1.6298598078164688,1.8900765765802903,5
1.5941040842921534,1.5028221804989663,5
1.7657082262542279,1.7776168335205556,5
1.7462390985194152,1.8383331408293777,5
1.508134874291955,1.653194761897359,5
1.535007182419993,1.5758229300049558,5
1.963534836223908,1.5495349719958824,5
1.5888217738354689,1.6158861477033244,5
1.7251142520878304,1.877206629487383,5
1.7603772256290648,1.7660122714877744,5
1.5764382937808807,1.9737120380099367,5
1.7915503068961984,1.7968595426064442,5
1.8049458916767436,1.7139771612660974,5
1.6142160719873093,1.7102067986898402,5
1.6374093474348437,1.6040120374323585,5
1.7992002827858071,1.7909863114264704,5
1.7512115657536245,1.928435311408954,5
1.552797816338716,1.9225388803981367,5
1.772833066544334,1.8121074865413946,5
1.813118311210734,1.9415955838188712,5
1.648085519764651,1.9862933999780688,5
1.9169775735419048,1.9974791399794574,5
1.7573981289411758,1.6205754301081683,5
1.992134949554805,1.958630821177446,5
1.6538575825112014,1.793164253338995,5
1.679384360987073,1.8788073949470958,5
1.821722053320823,1.5243052795537433,5
1.5043382427327807,1.8951556024134282,5
1.888773909704594,1.7901542290856973,5
1.6997011028585203,1.6808602636608954,5
1.7771457327449474,1.5677964570917782,5
1.525411033625994,1.7161750479382618,5
1.8441484681548364,1.7360100936913896,5
1.6462349667371114,1.6733834842124293,5
1.6471501953315886,1.570924116754271,5
1.904235035833637,1.633601028415987,5
1.5646984595462166,1.6308980656922554,5
1.8669809991305324,1.6663170669155458,5
1.6198488478963786,1.520750998993704,5
1.8414649305568012,1.5061893514173055,5
1.9810566536472147,1.8618930112481702,5
1.6183824456143463,1.6558414334874687,5
1.7610083335111246,1.7719635146704518,5
1.551775572481093,1.7282769198043573,5
1.8944139155892479,1.775256019205762,5
1.6849906141382833,1.7180127798246887,5
1.5520509122912614,1.8235103125591385,5
1.5054853317816403,1.6561471555611191,5
1.7402449603916603,1.505578368584964,5
1.548227559147352,1.7613154615562547,5
1.9424918800833635,1.5640212510941698,5
1.9702589216119182,1.7458516344696813,5
1.8830704815317312,1.5168701193396856,5
1.8874546872160785,1.8744599857307005,5
1.7312647369238388,1.503585076916898,5
1.6985925556609902,1.701316199270282,5
1.8192087873199485,1.9356714324460145,5
1.821550364405074,1.6307542699834754,5
1.7163875193571545,1.6344638762309671,5
1.7317847739647219,1.5565596196399358,5
1.789470080703452,1.8812646080247042,5
1.9241997191704918,1.8353766817605948,5
0.6709693300537594,0.15065791134940018,6
0.7664383975588418,0.19268230727064584,6
0.7714985841514164,0.09845220540036444,6
0.6684398750031868,0.2615029552272234,6
0.7520752332109439,0.14604030694926512,6
0.7407199529533532,0.2405178758740601,6
0.6817803219648702,0.016216298770097514,6
0.6409130021349859,0.0553963781153247,6
0.7672635323888901,0.21860486855955769,6
0.6483318797573533,0.06167980191292717,6
0.608303078393788,0.25907337364317484,6
0.6431042853748349,0.31667395523707376,6
0.7320142146606512,0.04600718236866311,6
0.705489099893967,0.2104178878238892,6
0.7962397558860826,0.03672201211725858,6
0.7478787296211631,0.31326073316249226,6
0.623163834357357,0.07392798025778964,6
0.6406264268514563,0.310468921565401,6
0.6009480609495351,0.18130046478545636,6
0.6477202992081976,0.01967681239242638,6
0.7741968532728825,0.018853607383485207,6
0.6494585497807908,0.3248843608318826,6
0.7333167505215058,0.042952840818703875,6
0.7966632809222838,0.21109596118468477,6
0.6083421237109589,0.2724435365990578,6
0.7146030566295478,0.14658551157923036,6
0.6745576856517013,0.3315134377380085,6
0.754677214645185,0.03516297542612379,6
0.6852558442472821,0.32154717986433623,6
0.678047640851502,0.2487087449365285,6
0.6612249586680907,0.06837176873496915,6
0.7477867347216987,0.05063240983684945,6
0.687072145970758,0.39793268935769494,6
0.7047428396321145,0.23380330998984522,6
0.6912423011364703,0.31258069787749077,6
0.7072074960207364,0.021891021180526105,6
0.6196026375863208,0.27179014447115857,6
0.6256014735012554,0.22094408683739652,6
0.651720034313416,0.2252703036439861,6
0.7007794666924443,0.05842655770765877,6
0.7544661014161361,0.0030716475292729586,6
0.6981861129216288,0.10982195959148325,6
0.719342854339745,0.3364298662218224,6
0.719978834606205,0.18830529809071558,6
0.6879296254682565,0.364730840641615,6
0.7733657491748146,0.2608742103508964,6
0.6341096259573756,0.3781205304679635,6
0.6357897960610488,0.35472090553261604,6
0.7422424366252327,0.3519243456680028,6
0.7062229698014206,0.03051743202503068,6
0.6972065172298403,0.3481811263943002,6
0.7867174186190199,0.12467704501093549,6
0.7852435964421082,0.09123760096325989,6
0.6994928829724867,0.3005455070647803,6
0.793794647559223,0.3684896662930646,6
0.7122229107280185,0.29886632039865385,6
0.7940249482859393,0.3639976237026842,6
0.7178149852503892,0.24075507547565148,6
0.7914935710489678,0.2018429914241253,6
0.7948624795538528,0.31180798240403224,6
0.7384304311126698,0.057735198277165584,6
0.761079343776257,0.24386113751582902,6
0.7153417898570675,0.19151710228071894,6
0.6244110426327947,0.211306907446032,6
0.610173093479204,0.15985891525097534,6
0.6351481845241356,0.2717650684232522,6
0.7500155584943197,0.2875706185333261,6
0.747252086523083,0.10629642655784753,6
0.6733510408056812,0.20760374316533753,6
0.7082342800106532,0.15223780084303018,6
0.7700872765301723,0.3239539473717303,6
0.7143148590905134,0.07212737032451488,6
0.6621435496480161,0.008316387807567249,6
0.7912172891951855,0.06508042547716149,6
0.7491046397637606,0.010486597404270492,6
0.7908401871164439,1.6023659238483297,7
0.7014685924265214,1.944140159971906,7
0.7301793520621874,1.9568249507267272,7
0.648271869674402,1.6037651125261996,7
0.7412561550371846,1.7961628514631323,7
0.7763830585247389,1.6751616689167155,7
0.7494411795375445,1.9230374807892188,7
0.6355142403829795,1.9210642745126452,7
0.7524448932897356,1.9702563543854141,7
0.6260069077537171,1.9550820476429984,7
0.6333798473532932,1.697286538080009,7
0.7357071350216329,1.661293831191135,7
0.608681752305976,1.6846713564616516,7
0.7877524750406371,1.973474970574497,7
0.6853096343503428,1.8858388579859686,7
0.6628509446205002,1.6970735270991664,7
0.6815280376145771,1.6711775199428374,7
0.7676402144910841,1.938694166784103,7
0.6517070318771631,1.687145253670251,7
0.6349729624327767,1.7019887024224825,7
0.7479586729898278,1.6535685510072728,7
0.7624821150949169,1.915492805575889,7
0.6500613050072047,1.9351789951653027,7
0.6225376240597373,1.7770890851276864,7
0.700005935814205,1.9488253025986144,7
0.6097140538732891,1.631417317496579,7
0.7886317456440628,1.6056892736510375,7
0.7311462924905867,1.840693265602276,7
0.6592005555979573,1.8382251597944284,7
0.690658305325727,1.6660381318938957,7
0.6163929431028516,1.6244321146889549,7
0.6693078147391467,1.6455613148029606,7
0.6590914554230989,1.7974602420943422,7
0.7629974953265626,1.7370798017084053,7
0.7914492673711001,1.916441463300987,7
0.7020611639311876,1.9874980620474227,7
0.7091253184766061,1.9748268333372376,7
0.7482412138592773,1.8975130651616365,7
0.6061998772265899,1.7354026884348008,7
0.7412313622319733,1.7694495381538824,7
0.7031672937128862,1.806548671984238,7
0.7499665792084036,1.7576713180073271,7
0.6575354171230062,1.8121911730799234,7
0.6730999552544578,1.6851551328461722,7
0.6859440690039083,1.7582964796943823,7
0.6286139367051004,1.7464540072655568,7
0.6003477492934963,1.7616384670542997,7
0.6742713033731643,1.7864178201368408,7
0.6406905259792859,1.8819663162262517,7
0.7086190218989533,1.725679411165921,7
0.7726338983940484,1.8865884213663764,7
0.7165158905487234,1.8980551347164425,7
0.6112812898513226,1.9767791654145335,7
0.643662784663161,1.9716493609229917,7
0.7304754910617931,1.81830593912463,7
0.7113719920840249,1.9445932620022257,7
0.6221283839569578,1.843764402839665,7
0.7158201400306649,1.637988383971377,7
0.7811749198642075,1.7323006635519658,7
0.7952868140001106,1.7527668265267207,7
0.7091262322761696,1.8226894515918775,7
0.6943888974026804,1.9138197020941035,7
0.652829536366061,1.9786283304641104,7
0.706078503567287,1.9938868217856998,7
0.6249253075756227,1.9004983035698735,7
0.6301800877335872,1.9913407339448774,7
0.6886250267941643,1.8657320312636143,7
0.6515001779522608,1.6301391857597485,7
0.6318155984016585,1.7803212812607994,7
0.6110510342109512,1.6568604251293477,7
0.604129324200591,1.6368860989074259,7
0.7206872527975994,1.7288766052998308,7
0.6455012328045526,1.6001186131336165,7
0.754462265335232,1.6193610642866256,7
0.6958682240154793,1.7783050387333583,7
1.3392693324332603,0.008965913520175662,8
1.2430474454291813,0.2900203019006644,8
1.362839665091778,0.3906469530396729,8
1.2394640166569482,0.29797990963949017,8
1.3189278854219675,0.18325367829002667,8
1.2982811379371715,0.2574247663923176,8
1.217523029155124,0.23114253163139484,8
1.2656183234607428,0.31430486658434453,8
1.3021810014108421,0.2612124800780313,8
1.2579263579764728,0.38891878100301075,8
1.2370822802571582,0.3754023966603924,8
1.3522204659884234,0.3935561298309742,8
1.2531764038172402,0.07583033120943705,8
1.3217558229837922,0.258081184512843,8
1.3757826472597419,0.25139573226694234,8
1.3208625326249699,0.17528607104117466,8
1.2952740664752656,0.3988057258491691,8
1.2400398661898921,0.12823292694651586,8
1.2879799701662673,0.3076277193331429,8
1.3760424620938048,0.32469480979293547,8
1.2461995715180083,0.10811093072326804,8
1.2915739594253948,0.2391958517680086,8
1.3342274877667992,0.16216019668851955,8
1.2753363420727724,0.3510418288331855,8
1.2515495730132553,0.3719858598603818,8
1.2555661111209473,0.1671227850529806,8
1.354875250779775,0.2875944458489485,8
1.3688212052861806,0.3311601774726464,8
1.3674305259794624,0.11342518210881002,8
1.2406653820162357,0.34646143920589645,8
1.2869434799320076,0.346078233209277,8
1.3960295883116656,0.2771356671267199,8
1.3930119812247437,0.319221037493349,8
1.284412749916477,0.34311457471387574,8
1.3500511176382126,0.18839981730472594,8
1.3787170266985074,0.18721363734992058,8
1.3037756786513586,0.057623942622093784,8
1.2863956181649452,0.16785893644496133,8
1.3771807839433217,0.031231403748624854,8
1.3977238395530107,0.31899572915033464,8
1.2862416813539206,0.36868438935743314,8
1.2883871350951632,0.21908555997465262,8
1.3160613958196208,0.026584460418573166,8
1.2922123756974602,0.12398924691184798,8
1.224952838288104,0.29133753516722577,8
1.3647516981074748,0.34392374093097805,8
1.376949760319755,0.3375394619253133,8
1.3695609866414151,0.38257147716528284,8
1.3424987567433189,0.1912936175203806,8
1.2363977336377028,0.20681142079426296,8
1.352592291899159,0.1343125742840728,8
1.264196037052654,0.3784316796466367,8
1.3433606126292548,0.053796523525384554,8
1.371559181796906,0.05457427320117141,8
1.2861481718595387,0.024721726633140276,8
1.3336430883264243,0.0515529609312555,8
1.2623579872603532,0.10531298922369059,8
1.3866867665191294,0.26707611603918974,8
1.312855214965903,0.13311459582059185,8
1.230078630015309,0.36879678482515216,8
1.2684790213952026,0.02821501768881962,8
1.2107304487037178,0.1825031032543689,8
1.3512196077068102,0.14182104905159792,8
1.3356634962084792,0.05115252351739801,8
1.3248751094875866,0.3325179217977468,8
1.3260941625606006,0.38634422927129486,8
1.3695108652067152,0.10919240650445437,8
1.3999393162906641,0.09671449075041548,8
1.255801396593973,0.34873651824054863,8
1.2495442520166278,0.35313056120508374,8
1.2033431965920574,0.17829022706007522,8
1.3675691803829864,0.03844907856904994,8
1.2212843292063813,0.20592203658719066,8
1.2663526969605472,0.22999584799342912,8
1.3501245438635863,0.1902869522310014,8
1.2347037869395971,1.9758143584389805,9
1.2502975090443724,1.8589421418274452,9
1.2809564970108764,1.6511208471226917,9
1.2161545541120238,1.9166409415614254,9
1.222254358600509,1.719294807038366,9
1.333227087664047,1.9290666789063036,9
1.2974144113627342,1.772123943570252,9
1.3421527247975862,1.9241084700226327,9
1.204353496917014,1.6869135145330554,9
1.2244079643288526,1.6219214929673869,9
1.2929422867973164,1.6134606251545383,9
1.3829979774601162,1.98665514020909,9
1.3802853350657682,1.891784443252055,9
1.3555120533122795,1.886873008332527,9
1.2978082871490255,1.9018941832789185,9
1.267460889149536,1.6583291517095937,9
1.2281661278754998,1.8597672108026457,9
1.3105698249627253,1.6819059169497912,9
1.3448692101203361,1.6991001943201784,9
1.2137098890974338,1.721159038411019,9
1.2286566129504437,1.6162869685220698,9
1.3634064030918849,1.7080565252276678,9
1.202029167486505,1.6064673443628696,9
1.3263725798840391,1.7221383012079197,9
1.2969873343685228,1.9813817330761214,9
1.228273493052397,1.6774643156237121,9
1.2509018905761273,1.835157024380257,9
1.3509335397952311,1.713359460448787,9
1.3115782344261766,1.7120398642910923,9
1.2244583172678682,1.6791041139530636,9
1.3249578998167477,1.9304841602154936,9
1.2112497373116278,1.6093600181770915,9
1.3775337063979698,1.9308899546421947,9
1.3056508698339018,1.9062614634886135,9
1.3704377689390876,1.8396819279811654,9
1.205964948697072,1.675742827675828,9
1.313294400371838,1.9803058801093327,9
1.2548507369887139,1.9098136355612563,9
1.2433127777633939,1.7121126612785276,9
1.3896042664151949,1.7631333931562427,9
1.2987270123810062,1.7409892808035765,9
1.3955947011946475,1.8413787913052677,9
1.205574146908568,1.920987645558056,9
1.3141301087128814,1.800536564316905,9
1.272933314620766,1.954092200213581,9
1.2202863950006753,1.8503959060514075,9
1.3341321856004813,1.6956580851610124,9
1.3567408553522213,1.762155157554504,9
1.3200596674019613,1.7859421544555405,9
1.3864092566998742,1.8991976938511947,9
1.305606484825381,1.6535399771066648,9
1.309693431912921,1.8217330072955484,9
1.331388284040411,1.774432279909647,9
1.3814040494816144,1.9601393313895836,9
1.2702885331983833,1.620735192066023,9
1.357931061524074,1.9084848808826864,9
1.2819914610219136,1.9961390541440611,9
1.2069921707604687,1.8588453111566872,9
1.3785579250458675,1.6304113803576732,9
1.2202974453525028,1.978675858832487,9
1.310230081894968,1.793229997110555,9
1.2837260089112414,1.72763689829046,9
1.3730334143921294,1.6880031553984152,9
1.2801186160385467,1.6169126109181726,9
1.238377555076785,1.899223957781428,9
1.2265476083647908,1.7332028517667704,9
1.309740108028742,1.9922970800570898,9
1.3809337298768565,1.681209089427865,9
1.222650546178793,1.902666420033943,9
1.3921368898632278,1.842575744277856,9
1.3215740111238503,1.8014629232454573,9
1.213156007660398,1.605889108794862,9
1.2709276754680248,1.6877823584460785,9
1.3488306436158068,1.6914764133256062,9
1.3873451872574067,1.633093703253818,9
0.674451331985936,0.38194191807225053,10
0.16437432292108944,1.955845433752721,10
0.698936211302357,1.5954460433822173,10
1.1968077763201654,1.9365853281575525,10
1.8057230303652672,0.4500923371084036,10
1.856966275859846,0.5679586397925744,10
1.0092288236596538,0.16665112988770936,10
0.35069142835510236,1.410201890047624,10
1.49559211054165,1.5837752698801282,10
0.4898052452935202,0.6297183123664856,10
0.021667135533742776,1.8533569269812455,10
0.1932634955317578,0.946960850658169,10
1.3987221362659052,1.8705665347237583,10
1.9160600870611357,1.042172632904864,10
0.16539357262021714,1.0729125018948253,10
1.5176630583890083,0.3121117309738455,10
0.634529128305918,0.6508623108699174,10
1.9430896912725555,1.3103412587434076,10
1.641127642636458,1.1832708130439615,10
1.0135570624839472,0.2056183480752789,10
1.5236642573035073,0.24406239353940773,10
0.6099717845273636,1.1573683322682025,10
0.13866663907374233,1.6223185224363261,10
1.5813515749896991,1.6341853177464452,10
0.03848551895602759,0.45612483921872937,10
0.8215990188835982,0.39075050154807034,10
0.334782027859591,1.8012340594986747,10
0.1318759082475327,0.07051603213321234,10
0.22533165299532953,1.9388058968185222,10
0.7221550074145711,0.2159526951801134,10
0.6793233963202734,0.07218686717515088,10
0.5043537192494305,1.8451143075613106,10
0.356409846352576,0.970896535066756,10
1.6907828842356247,1.6927242227110475,10
1.47734331159777,0.5906898149263464,10
1.6354718040131118,0.7159427395376126,10
1.0691103180687656,0.7317684932644848,10
0.3422582590775223,1.5294272728080156,10
0.7750549828122677,1.3929171283369313,10
1.6123610087500537,1.061249945141835,10
0.25056053333351813,0.6375428793895306,10
1.4154802916777298,1.9106911106983708,10
1.0574355525838477,1.5083011759668945,10
0.7422999022826955,0.640879357303509,10
1.9252305497877247,1.8101927078563058,10
0.9325919961070646,1.5537033168952277,10
0.26528725493115246,1.4277196733926758,10
1.271955169675379,0.3713715276539149,10
0.903403092838807,1.2498931012717187,10
1.5115431873785887,1.6884518008619402,10
1.139569160852558,1.747586242741866,10
1.888970459319978,1.0601734816163384,10
1.4483202356532157,1.780930652803499,10
0.21490853646188524,1.1572291849520475,10
1.4008119423227348,1.3101571542664643,10
1.6387161086211606,1.5442665608837045,10
0.7198193119994367,1.341484913541663,10
1.8177724622183826,1.328712413109337,10
1.771428271701998,0.6603658620550248,10
0.3890130451441689,1.1785259840225581,10
0.25227066776303597,1.6875947978704877,10
0.8774944141656353,0.021930267449329133,10
1.3487307657506853,1.1394986819693151,10
1.4756422303876124,0.11912414149773376,10
1.2246294769756534,1.081621485423714,10
0.4881663490920267,0.13543070843368166,10
0.3364710598214409,0.4360238944580819,10
0.6614531665615782,1.3472905131299804,10
1.780414630510833,0.03552146200653872,10
0.10257498685432731,1.1769613923110707,10
0.64271145948565,1.9138862047232266,10
0.04188332527187155,0.8787403881936526,10
1.155426580561894,1.6792412035513142,10
1.3044817063620215,0.3889748792046934,10
1.351842174021613,1.5385800796873692,10
0.029701377740762647,1.1040852016609282,10
1.8710171639558846,0.8245466835545123,10
0.9140319369239329,0.6652719302234333,10
0.5785568456194041,0.721313462104425,10
1.05178618977318,0.7055365624915375,10
1.750723540738571,0.2945997892071601,10
1.3091073976993832,0.954094719901218,10
1.7115979929220164,1.9015750981401118,10
1.0907550124416845,1.0952170109918828,10
0.01807886875314768,1.5895944541372748,10
0.3454328467143202,1.3429829898125814,10
0.5550861705425023,0.18841755990930054,10
1.704252220751568,1.8203895066367237,10
0.23341249139755016,1.458764876098569,10
1.7582503792602622,1.5207052229887004,10
0.37524403104303716,0.8807685585471907,10
1.6547122845791387,1.8809185194645353,10
1.3274514695215174,0.44907789736705217,10
1.4283735480841044,1.811577552057531,10
0.3603288674981995,1.187083061434904,10
1.7824081304294475,0.4042749201548119,10
0.489536875398217,9.231827785032287E-4,10
1.3954341216692194,0.47748291286599254,10
1.5015852254597424,0.9646489730692449,10
1.2545990104401932,0.6233973779856508,10
0.16826624759789954,1.1611122449883178,10
0.0011331122659603565,1.482902813781111,10
0.4030309389277389,1.7988582822496182,10
1.823588664649027,1.6027227449019457,10
1.942375878018141,0.483500085997155,10
1.0453098883498038,1.4182743963408517,10
0.027888372860465305,0.24275677779855553,10
1.2265077290382234,0.6576979113751127,10
0.5196744938109128,1.18754105586685,10
1.3376407498454994,0.7769851425503844,10
0.8894738244965552,1.537184488808582,10
1.3596320247401255,1.9130853291626153,10
1.6218413945134253,0.14509187810615565,10
0.5277800208362406,1.2813177405817395,10
0.6943573279577873,0.6318194002889133,10
1.3600493845163102,0.945375506212071,10
0.012901009454340695,1.7657744112262541,10
1.5967559470670587,1.4526576280853742,10
0.9456056802955854,1.8274372707569653,10
0.22748788869025494,1.954617938661315,10
0.4291873976782965,0.351210186974767,10
0.8924340804324218,1.1212759185866996,10
1.5139206205252111,0.8596991936773342,10
0.11911743648955775,0.4109836808710705,10
0.6686096570825346,0.9884398758934974,10
1.0918604824607294,0.07099979804241485,10
0.6844853523397552,1.744780638264063,10
1.950137688890265,0.6213718678077906,10
0.5970322269445756,1.5528393481795966,10
0.9732974140845183,0.5140832311401484,10
0.6873314165537174,1.2071534178337575,10
1.4329645622390965,0.1613728989750025,10
1.3295816316800202,0.8908458530244225,10
0.3807635009823638,1.591590287933674,10
1.219038612229959,0.009833471859175713,10
0.1878276977985145,1.617899957460785,10
1.3446926218292932,0.7528058204970072,10
1.2638920699614165,0.59460385589139,10
1.9635803152665248,1.0074072659165276,10
1.0575918464496488,0.5878028398984163,10
0.7887061392809236,1.5462574366173714,10
0.17591852807946773,0.1015717052236258,10
1.6201270275075705,0.24214854828669474,10
1.2596141615643475,1.3777747725300187,10
1.7288311239570218,0.4799604344597608,10
0.11261058428361226,0.7271031047001406,10
1.4456202220328318,1.9035389677581804,10
1.5074503243802044,0.3508665318969453,10
0.6122837363579572,1.168984866123046,10
0.07495336245613515,1.6775279111198889,10
